<?xml version="1.0" encoding="UTF-8"?>
<project-private xmlns="http://www.netbeans.org/ns/project-private/1">
    <editor-bookmarks xmlns="http://www.netbeans.org/ns/editor-bookmarks/2" lastBookmarkId="0"/>
    <open-files xmlns="http://www.netbeans.org/ns/projectui-open-files/2">
        <group>
            <file>file:/D:/DocumentsHDD/NetBeansProjects/InternalAssessment/src/GUI/square_2D.java</file>
            <file>file:/D:/DocumentsHDD/NetBeansProjects/InternalAssessment/src/GUI/Methods.java</file>
            <file>file:/D:/DocumentsHDD/NetBeansProjects/InternalAssessment/src/GUI/MAIN_MENU.java</file>
            <file>file:/D:/DocumentsHDD/NetBeansProjects/InternalAssessment/src/GUI/triangle_2D.java</file>
            <file>file:/D:/DocumentsHDD/NetBeansProjects/InternalAssessment/src/GUI/circle_2D.java</file>
        </group>
    </open-files>
</project-private>
